country	n_case	aa_change	ac_case	ac_control	n_control	or	or_l95	or_u95	hx_positive	out_of	hx	hx_l95	hx_u95
Italy	1054	V210I	171	2	4795	464.1013590033975	114.92108406371885	1874.2432964639959	7	57	0.12280701754385964	0.06078060158998089	0.23246448435174008
Japan	1533	V180I	218	2	663	54.79011406844106	13.573301674617891	221.16627712227523	5	218	0.022935779816513763	0.009835660528271733	0.052557811342473754
TOTAL	10460	P102L	221	2	806898	8708.077741966988	2163.9349018482762	35042.92938543196	23	33	0.696969696969697	0.5266186485419944	0.826244685759464
TOTAL	10460	D178N	209	1	806971	16452.709979514195	2306.4515607512235	117362.82273443449	44	50	0.88	0.7619518261679702	0.9438239984906772
TOTAL	10460	E200K	571	13	806941	3584.059117745436	2067.5801996212203	6212.808461721342	56	114	0.49122807017543857	0.4012521423635062	0.5817759020954208
